segment_id,date_local,uptime,ped_lft,ped_rgt,ped_total,bike_lft,bike_rgt,bike_total,car_lft,car_rgt,car_total,heavy_lft,heavy_rgt,heavy_total,v85,car_speed0,car_speed10,car_speed20,car_speed30,car_speed40,car_speed50,car_speed60,car_speed70
9000003310,2026-09-01 02:00,0.0,0,0,0,0,0,0,0,0,0,0,0,0,,0.0,0.0,0.0,0.0,0.0,0.0,0.0,0.0
9000003310,2026-09-01 03:00,0.0,0,0,0,0,0,0,0,0,0,0,0,0,,0.0,0.0,0.0,0.0,0.0,0.0,0.0,0.0
9000003310,2026-09-01 04:00,0.0,0,0,0,0,0,0,0,0,0,0,0,0,,0.0,0.0,0.0,0.0,0.0,0.0,0.0,0.0
9000003310,2026-09-01 05:00,0.0,0,0,0,0,0,0,0,0,0,0,0,0,,0.0,0.0,0.0,0.0,0.0,0.0,0.0,0.0
9000003310,2026-09-01 06:00,0.44027779,2,0,2,0,9,9,2,7,9,2,0,2,31.5,25.0,50.0,0.0,25.0,0.0,0.0,0.0,0.0
9000003310,2026-09-01 07:00,0.7038889,7,1,8,7,6,13,1,33,34,0,0,0,22.5,16.67,58.33,25.0,0.0,0.0,0.0,0.0,0.0
9000003310,2026-09-01 08:00,0.7530556,4,3,7,5,9,14,0,54,54,0,4,4,25.0,12.2,58.54,26.83,2.44,0.0,0.0,0.0,0.0
9000003310,2026-09-01 09:00,0.7613889,0,0,0,1,9,10,1,51,52,0,3,3,24.0,12.5,40.0,45.0,0.0,0.0,0.0,0.0,2.5
9000003310,2026-09-01 10:00,0.71444446,1,0,1,10,10,20,1,39,40,0,0,0,26.5,10.34,55.17,31.03,3.45,0.0,0.0,0.0,0.0
9000003320,2026-09-01 02:00,0.0,0,0,0,0,0,0,0,0,0,0,0,0,,0.0,0.0,0.0,0.0,0.0,0.0,0.0,0.0
9000003320,2026-09-01 03:00,0.0,0,0,0,0,0,0,0,0,0,0,0,0,,0.0,0.0,0.0,0.0,0.0,0.0,0.0,0.0
9000003320,2026-09-01 04:00,0.0,0,0,0,0,0,0,0,0,0,0,0,0,,0.0,0.0,0.0,0.0,0.0,0.0,0.0,0.0
9000003320,2026-09-01 05:00,0.0,0,0,0,0,0,0,0,0,0,0,0,0,,0.0,0.0,0.0,0.0,0.0,0.0,0.0,0.0
9000003320,2026-09-01 06:00,0.47416666,6,13,19,19,6,25,59,380,439,0,0,0,40.0,4.81,12.02,32.69,35.58,13.46,0.48,0.0,0.96
9000003320,2026-09-01 07:00,0.73444444,20,18,38,20,31,51,44,447,491,0,0,0,37.5,7.54,13.97,38.55,29.33,5.87,3.07,0.56,1.12
9000003320,2026-09-01 08:00,0.7463889,19,27,46,25,36,61,58,485,543,0,0,0,36.0,6.91,15.8,41.23,29.88,3.7,0.99,0.74,0.74
9000003320,2026-09-01 09:00,0.7236111,11,8,19,18,30,48,39,430,469,0,0,0,35.5,5.31,12.68,49.56,25.96,5.31,0.29,0.29,0.59
9000003320,2026-09-01 10:00,0.7425,8,8,16,19,35,54,22,521,543,0,0,0,35.5,6.45,20.35,44.91,21.09,5.21,1.24,0.25,0.5
9000003479,2026-09-01 02:00,0.9786111,0,0,0,0,0,0,0,0,0,0,0,0,,0.0,0.0,0.0,0.0,0.0,0.0,0.0,0.0
9000003479,2026-09-01 03:00,0.9994444,0,0,0,0,0,0,0,0,0,0,0,0,,0.0,0.0,0.0,0.0,0.0,0.0,0.0,0.0
9000003479,2026-09-01 04:00,0.9994444,0,0,0,0,0,0,0,0,0,0,0,0,,0.0,0.0,0.0,0.0,0.0,0.0,0.0,0.0
9000003479,2026-09-01 05:00,0.9994444,0,0,0,0,0,0,0,0,0,0,0,0,,0.0,0.0,0.0,0.0,0.0,0.0,0.0,0.0
9000003479,2026-09-01 06:00,0.9988889,1,0,1,22,16,38,480,317,797,151,54,205,42.5,11.17,19.57,27.48,21.83,15.68,3.76,0.38,0.13
9000003479,2026-09-01 07:00,0.9994444,4,12,16,21,27,48,563,513,1076,113,72,185,43.0,9.11,15.24,21.93,32.34,16.82,3.9,0.56,0.09
9000003479,2026-09-01 08:00,0.9994444,17,16,33,30,63,93,520,536,1056,101,70,171,43.5,9.09,16.48,23.48,29.45,16.76,3.88,0.57,0.28
9000003479,2026-09-01 09:00,0.9994444,13,24,37,39,55,94,526,422,948,103,82,185,42.5,5.8,12.13,26.79,34.81,16.67,3.69,0.11,0.0
9000003479,2026-09-01 10:00,0.99972224,25,28,53,24,47,71,463,416,879,92,91,183,43.5,3.07,12.06,24.35,36.29,19.45,4.21,0.46,0.11
9000003516,2026-09-01 02:00,0.0,0,0,0,0,0,0,0,0,0,0,0,0,,0.0,0.0,0.0,0.0,0.0,0.0,0.0,0.0
9000003516,2026-09-01 03:00,0.0,0,0,0,0,0,0,0,0,0,0,0,0,,0.0,0.0,0.0,0.0,0.0,0.0,0.0,0.0
9000003516,2026-09-01 04:00,0.0,0,0,0,0,0,0,0,0,0,0,0,0,,0.0,0.0,0.0,0.0,0.0,0.0,0.0,0.0
9000003516,2026-09-01 05:00,0.0,0,0,0,0,0,0,0,0,0,0,0,0,,0.0,0.0,0.0,0.0,0.0,0.0,0.0,0.0
9000003516,2026-09-01 06:00,0.11777778,0,0,0,25,0,25,8,0,8,8,0,8,29.0,0.0,0.0,100.0,0.0,0.0,0.0,0.0,0.0
9000003516,2026-09-01 07:00,0.2663889,0,0,0,0,0,0,4,4,8,4,0,4,41.5,0.0,0.0,0.0,100.0,0.0,0.0,0.0,0.0
9000003516,2026-09-01 08:00,0.42166665,0,0,0,0,0,0,0,0,0,0,0,0,,0.0,0.0,0.0,0.0,0.0,0.0,0.0,0.0
9000003516,2026-09-01 09:00,0.39194444,0,0,0,5,0,5,3,8,11,0,5,5,76.5,0.0,0.0,50.0,25.0,0.0,0.0,0.0,25.0
9000003516,2026-09-01 10:00,0.7133333,1,0,1,0,1,1,3,0,3,0,0,0,28.5,0.0,0.0,100.0,0.0,0.0,0.0,0.0,0.0
9000003520,2026-09-01 02:00,0.0,0,0,0,0,0,0,0,0,0,0,0,0,,0.0,0.0,0.0,0.0,0.0,0.0,0.0,0.0
9000003520,2026-09-01 03:00,0.0,0,0,0,0,0,0,0,0,0,0,0,0,,0.0,0.0,0.0,0.0,0.0,0.0,0.0,0.0
9000003520,2026-09-01 04:00,0.0,0,0,0,0,0,0,0,0,0,0,0,0,,0.0,0.0,0.0,0.0,0.0,0.0,0.0,0.0
9000003520,2026-09-01 05:00,0.0,0,0,0,0,0,0,0,0,0,0,0,0,,0.0,0.0,0.0,0.0,0.0,0.0,0.0,0.0
9000003520,2026-09-01 06:00,0.25305554,0,0,0,0,43,43,79,158,237,16,16,32,36.0,3.39,10.17,44.07,33.9,5.08,1.69,0.0,1.69
9000003520,2026-09-01 07:00,0.76611114,0,0,0,9,48,57,99,210,309,37,29,66,38.5,2.12,5.51,47.03,33.47,8.9,1.69,0.42,0.85
9000003520,2026-09-01 08:00,0.78583336,0,3,3,10,14,24,199,188,387,55,76,131,35.5,3.28,5.57,52.79,33.11,4.26,0.66,0.33,0.0
9000003520,2026-09-01 09:00,0.74916667,1,1,2,8,17,25,109,132,241,72,75,147,35.0,5.52,9.39,44.2,36.46,4.42,0.0,0.0,0.0
9000003520,2026-09-01 10:00,0.7469444,0,0,0,4,4,8,87,62,149,60,71,131,36.5,4.5,8.11,44.14,36.04,7.21,0.0,0.0,0.0
9000003561,2026-09-01 02:00,0.0,0,0,0,0,0,0,0,0,0,0,0,0,,0.0,0.0,0.0,0.0,0.0,0.0,0.0,0.0
9000003561,2026-09-01 03:00,0.0,0,0,0,0,0,0,0,0,0,0,0,0,,0.0,0.0,0.0,0.0,0.0,0.0,0.0,0.0
9000003561,2026-09-01 04:00,0.0,0,0,0,0,0,0,0,0,0,0,0,0,,0.0,0.0,0.0,0.0,0.0,0.0,0.0,0.0
9000003561,2026-09-01 05:00,0.0,0,0,0,0,0,0,0,0,0,0,0,0,,0.0,0.0,0.0,0.0,0.0,0.0,0.0,0.0
9000003561,2026-09-01 06:00,0.2613889,0,0,0,0,306,306,11,8,19,4,4,8,39.5,0.0,0.0,33.33,50.0,16.67,0.0,0.0,0.0
9000003561,2026-09-01 07:00,0.6958333,1,3,4,20,11,31,32,33,65,4,1,5,39.5,0.0,6.52,32.61,47.83,10.87,2.17,0.0,0.0
9000003561,2026-09-01 08:00,0.7727778,4,1,5,25,25,50,62,41,103,14,10,24,39.0,2.5,10.0,41.25,33.75,10.0,2.5,0.0,0.0
9000003561,2026-09-01 09:00,0.7633333,0,7,7,18,20,38,30,37,67,7,4,11,40.5,1.96,3.92,45.1,33.33,7.84,3.92,0.0,3.92
9000003561,2026-09-01 10:00,0.7175,3,0,3,17,14,31,24,20,44,4,4,8,41.5,6.45,0.0,32.26,45.16,6.45,3.23,0.0,6.45
9000003738,2026-09-01 02:00,0.0,0,0,0,0,0,0,0,0,0,0,0,0,,0.0,0.0,0.0,0.0,0.0,0.0,0.0,0.0
9000003738,2026-09-01 03:00,0.0,0,0,0,0,0,0,0,0,0,0,0,0,,0.0,0.0,0.0,0.0,0.0,0.0,0.0,0.0
9000003738,2026-09-01 04:00,0.0,0,0,0,0,0,0,0,0,0,0,0,0,,0.0,0.0,0.0,0.0,0.0,0.0,0.0,0.0
9000003738,2026-09-01 05:00,0.0,0,0,0,0,0,0,0,0,0,0,0,0,,0.0,0.0,0.0,0.0,0.0,0.0,0.0,0.0
9000003738,2026-09-01 06:00,0.3263889,3,3,6,6,9,15,15,46,61,3,3,6,39.5,0.0,23.81,23.81,38.1,0.0,0.0,14.29,0.0
9000003738,2026-09-01 07:00,0.7808333,15,15,30,37,24,61,31,45,76,3,8,11,32.5,1.69,30.51,45.76,15.25,5.08,0.0,1.69,0.0
9000003738,2026-09-01 08:00,0.7697222,21,16,37,47,34,81,32,77,109,3,10,13,33.5,9.52,32.14,39.29,10.71,2.38,3.57,1.19,1.19
9000003738,2026-09-01 09:00,0.7475,13,13,26,28,29,57,41,60,101,7,17,24,32.0,7.89,32.89,39.47,11.84,2.63,2.63,0.0,2.63
9000003738,2026-09-01 10:00,0.765,13,17,30,20,18,38,27,68,95,7,10,17,29.5,5.48,34.25,47.95,9.59,1.37,1.37,0.0,0.0
9000003747,2026-09-01 02:00,0.0,0,0,0,0,0,0,0,0,0,0,0,0,,0.0,0.0,0.0,0.0,0.0,0.0,0.0,0.0
9000003747,2026-09-01 03:00,0.0,0,0,0,0,0,0,0,0,0,0,0,0,,0.0,0.0,0.0,0.0,0.0,0.0,0.0,0.0
9000003747,2026-09-01 04:00,0.0,0,0,0,0,0,0,0,0,0,0,0,0,,0.0,0.0,0.0,0.0,0.0,0.0,0.0,0.0
9000003747,2026-09-01 05:00,0.0,0,0,0,0,0,0,0,0,0,0,0,0,,0.0,0.0,0.0,0.0,0.0,0.0,0.0,0.0
9000003747,2026-09-01 06:00,0.16972223,0,0,0,6,41,47,141,489,630,71,100,171,33.0,34.26,25.93,21.3,7.41,4.63,0.93,0.0,5.56
9000003747,2026-09-01 07:00,0.7077778,6,3,9,35,137,172,113,418,531,69,129,198,32.5,30.93,24.53,25.6,10.13,3.73,1.33,1.07,2.67
9000003747,2026-09-01 08:00,0.7225,4,7,11,44,144,188,98,465,563,76,83,159,34.5,29.24,24.82,24.08,10.07,2.46,2.46,1.23,5.65
9000003747,2026-09-01 09:00,0.74444443,9,4,13,48,94,142,204,446,650,55,79,134,33.5,20.66,24.79,31.82,16.74,2.69,2.07,0.21,1.03
9000003747,2026-09-01 10:00,0.7413889,1,5,6,39,94,133,219,405,624,86,71,157,36.5,18.1,20.47,32.97,17.89,4.09,1.94,1.29,3.23
9000003760,2026-09-01 02:00,0.0,0,0,0,0,0,0,0,0,0,0,0,0,,0.0,0.0,0.0,0.0,0.0,0.0,0.0,0.0
9000003760,2026-09-01 03:00,0.0,0,0,0,0,0,0,0,0,0,0,0,0,,0.0,0.0,0.0,0.0,0.0,0.0,0.0,0.0
9000003760,2026-09-01 04:00,0.0,0,0,0,0,0,0,0,0,0,0,0,0,,0.0,0.0,0.0,0.0,0.0,0.0,0.0,0.0
9000003760,2026-09-01 05:00,0.0,0,0,0,0,0,0,0,0,0,0,0,0,,0.0,0.0,0.0,0.0,0.0,0.0,0.0,0.0
9000003760,2026-09-01 06:00,0.3613889,3,3,6,8,3,11,14,8,22,3,0,3,22.0,28.57,42.86,28.57,0.0,0.0,0.0,0.0,0.0
9000003760,2026-09-01 07:00,0.7725,14,10,24,21,31,52,21,32,53,1,9,10,21.0,24.39,58.54,9.76,4.88,0.0,0.0,2.44,0.0
9000003760,2026-09-01 08:00,0.77194446,22,17,39,21,16,37,10,19,29,9,5,14,19.5,21.74,65.22,8.7,0.0,4.35,0.0,0.0,0.0
9000003760,2026-09-01 09:00,0.7411111,15,16,31,23,12,35,22,26,48,4,7,11,17.5,37.14,60.0,2.86,0.0,0.0,0.0,0.0,0.0
9000003760,2026-09-01 10:00,0.74277776,13,12,25,11,12,23,24,23,47,4,9,13,18.0,22.86,74.29,2.86,0.0,0.0,0.0,0.0,0.0
9000003786,2026-09-01 02:00,0.0,0,0,0,0,0,0,0,0,0,0,0,0,,0.0,0.0,0.0,0.0,0.0,0.0,0.0,0.0
9000003786,2026-09-01 03:00,0.0,0,0,0,0,0,0,0,0,0,0,0,0,,0.0,0.0,0.0,0.0,0.0,0.0,0.0,0.0
9000003786,2026-09-01 04:00,0.0,0,0,0,0,0,0,0,0,0,0,0,0,,0.0,0.0,0.0,0.0,0.0,0.0,0.0,0.0
9000003786,2026-09-01 05:00,0.0,0,0,0,0,0,0,0,0,0,0,0,0,,0.0,0.0,0.0,0.0,0.0,0.0,0.0,0.0
9000003786,2026-09-01 06:00,0.31111112,0,3,3,10,19,29,13,10,23,19,0,19,76.0,28.57,14.29,14.29,0.0,14.29,14.29,0.0,14.29
9000003786,2026-09-01 07:00,0.7813889,4,17,21,12,36,48,14,20,34,10,8,18,44.5,0.0,18.52,44.44,14.81,11.11,3.7,0.0,7.41
9000003786,2026-09-01 08:00,0.76944447,5,32,37,26,43,69,39,25,64,13,0,13,53.5,6.12,22.45,46.94,8.16,0.0,2.04,2.04,12.24
9000003786,2026-09-01 09:00,0.7722222,6,13,19,25,43,68,48,28,76,8,1,9,45.5,15.25,28.81,30.51,8.47,5.08,1.69,3.39,6.78
9000003786,2026-09-01 10:00,0.76611114,4,8,12,23,20,43,63,26,89,20,1,21,35.0,22.06,32.35,25.0,8.82,2.94,2.94,2.94,2.94
9000003790,2026-09-01 03:00,0.0,0,0,0,0,0,0,0,0,0,0,0,0,,0.0,0.0,0.0,0.0,0.0,0.0,0.0,0.0
9000003997,2026-09-01 02:00,0.0,0,0,0,0,0,0,0,0,0,0,0,0,,0.0,0.0,0.0,0.0,0.0,0.0,0.0,0.0
9000003997,2026-09-01 03:00,0.0,0,0,0,0,0,0,0,0,0,0,0,0,,0.0,0.0,0.0,0.0,0.0,0.0,0.0,0.0
9000003997,2026-09-01 04:00,0.0,0,0,0,0,0,0,0,0,0,0,0,0,,0.0,0.0,0.0,0.0,0.0,0.0,0.0,0.0
9000003997,2026-09-01 05:00,0.0,0,0,0,0,0,0,0,0,0,0,0,0,,0.0,0.0,0.0,0.0,0.0,0.0,0.0,0.0
9000003997,2026-09-01 06:00,0.35055557,0,6,6,3,20,23,9,6,15,0,3,3,25.5,40.0,0.0,60.0,0.0,0.0,0.0,0.0,0.0
9000003997,2026-09-01 07:00,0.70361114,28,6,34,28,67,95,9,6,15,1,4,5,21.0,30.0,50.0,20.0,0.0,0.0,0.0,0.0,0.0
9000003997,2026-09-01 08:00,0.7438889,79,24,103,109,147,256,9,19,28,9,15,24,20.0,33.33,52.38,14.29,0.0,0.0,0.0,0.0,0.0
9000003997,2026-09-01 09:00,0.7633333,41,18,59,124,68,192,17,30,47,8,10,18,21.5,25.0,55.56,16.67,2.78,0.0,0.0,0.0,0.0
9000003997,2026-09-01 10:00,0.74222225,15,16,31,53,42,95,7,26,33,12,24,36,14.5,58.33,37.5,4.17,0.0,0.0,0.0,0.0,0.0
9000004010,2026-09-01 02:00,0.0,0,0,0,0,0,0,0,0,0,0,0,0,,0.0,0.0,0.0,0.0,0.0,0.0,0.0,0.0
9000004010,2026-09-01 03:00,0.0,0,0,0,0,0,0,0,0,0,0,0,0,,0.0,0.0,0.0,0.0,0.0,0.0,0.0,0.0
9000004010,2026-09-01 04:00,0.0,0,0,0,0,0,0,0,0,0,0,0,0,,0.0,0.0,0.0,0.0,0.0,0.0,0.0,0.0
9000004010,2026-09-01 05:00,0.0,0,0,0,0,0,0,0,0,0,0,0,0,,0.0,0.0,0.0,0.0,0.0,0.0,0.0,0.0
9000004010,2026-09-01 06:00,0.0,0,0,0,0,0,0,0,0,0,0,0,0,,0.0,0.0,0.0,0.0,0.0,0.0,0.0,0.0
9000004010,2026-09-01 07:00,0.0,0,0,0,0,0,0,0,0,0,0,0,0,,0.0,0.0,0.0,0.0,0.0,0.0,0.0,0.0
9000004010,2026-09-01 08:00,0.0,0,0,0,0,0,0,0,0,0,0,0,0,,0.0,0.0,0.0,0.0,0.0,0.0,0.0,0.0
9000004010,2026-09-01 09:00,0.0,0,0,0,0,0,0,0,0,0,0,0,0,,0.0,0.0,0.0,0.0,0.0,0.0,0.0,0.0
9000004010,2026-09-01 10:00,0.28305554,0,0,0,0,0,0,0,0,0,0,0,0,,0.0,0.0,0.0,0.0,0.0,0.0,0.0,0.0
9000004024,2026-09-01 02:00,0.0,0,0,0,0,0,0,0,0,0,0,0,0,,0.0,0.0,0.0,0.0,0.0,0.0,0.0,0.0
9000004024,2026-09-01 03:00,0.0,0,0,0,0,0,0,0,0,0,0,0,0,,0.0,0.0,0.0,0.0,0.0,0.0,0.0,0.0
9000004024,2026-09-01 04:00,0.0,0,0,0,0,0,0,0,0,0,0,0,0,,0.0,0.0,0.0,0.0,0.0,0.0,0.0,0.0
9000004024,2026-09-01 05:00,0.0,0,0,0,0,0,0,0,0,0,0,0,0,,0.0,0.0,0.0,0.0,0.0,0.0,0.0,0.0
9000004024,2026-09-01 06:00,0.19027779,5,0,5,26,5,31,142,0,142,5,5,10,29.0,14.81,7.41,74.07,3.7,0.0,0.0,0.0,0.0
9000004024,2026-09-01 07:00,0.53444445,15,2,17,94,7,101,221,13,234,62,2,64,32.0,4.03,20.16,54.84,19.35,0.81,0.81,0.0,0.0
9000004024,2026-09-01 08:00,0.6175,3,0,3,92,10,102,143,28,171,26,18,44,30.0,9.52,22.86,52.38,12.38,2.86,0.0,0.0,0.0
9000004024,2026-09-01 09:00,0.6575,5,0,5,37,6,43,84,41,125,17,8,25,31.5,9.76,15.85,56.1,14.63,2.44,0.0,1.22,0.0
9000004024,2026-09-01 10:00,0.61277777,0,2,2,47,28,75,51,28,79,11,20,31,28.5,14.58,37.5,37.5,8.33,2.08,0.0,0.0,0.0
9000004033,2026-09-01 02:00,0.0,0,0,0,0,0,0,0,0,0,0,0,0,,0.0,0.0,0.0,0.0,0.0,0.0,0.0,0.0
9000004033,2026-09-01 03:00,0.0,0,0,0,0,0,0,0,0,0,0,0,0,,0.0,0.0,0.0,0.0,0.0,0.0,0.0,0.0
9000004033,2026-09-01 04:00,0.0,0,0,0,0,0,0,0,0,0,0,0,0,,0.0,0.0,0.0,0.0,0.0,0.0,0.0,0.0
9000004033,2026-09-01 05:00,0.0,0,0,0,0,0,0,0,0,0,0,0,0,,0.0,0.0,0.0,0.0,0.0,0.0,0.0,0.0
9000004033,2026-09-01 06:00,0.42166665,12,9,21,31,21,52,36,14,50,5,5,10,29.5,5.26,5.26,78.95,5.26,0.0,0.0,0.0,5.26
9000004033,2026-09-01 07:00,0.74916667,48,19,67,187,96,283,44,16,60,1,4,5,48.5,4.44,17.78,37.78,13.33,13.33,11.11,0.0,2.22
9000004033,2026-09-01 08:00,0.7275,59,49,108,392,203,595,111,59,170,1,4,5,48.0,4.03,18.55,12.9,28.23,25.81,8.87,1.61,0.0
9000004033,2026-09-01 09:00,0.7252778,29,19,48,244,141,385,103,92,195,10,7,17,45.0,10.56,26.76,22.54,13.38,16.9,6.34,2.82,0.7
9000004033,2026-09-01 10:00,0.73194444,29,15,44,116,113,229,42,55,97,8,7,15,39.5,8.45,33.8,28.17,15.49,4.23,4.23,2.82,2.82
9000004233,2026-09-01 02:00,0.0,0,0,0,0,0,0,0,0,0,0,0,0,,0.0,0.0,0.0,0.0,0.0,0.0,0.0,0.0
9000004233,2026-09-01 03:00,0.0,0,0,0,0,0,0,0,0,0,0,0,0,,0.0,0.0,0.0,0.0,0.0,0.0,0.0,0.0
9000004233,2026-09-01 04:00,0.0,0,0,0,0,0,0,0,0,0,0,0,0,,0.0,0.0,0.0,0.0,0.0,0.0,0.0,0.0
9000004233,2026-09-01 05:00,0.0,0,0,0,0,0,0,0,0,0,0,0,0,,0.0,0.0,0.0,0.0,0.0,0.0,0.0,0.0
9000004233,2026-09-01 06:00,0.28722224,0,3,3,17,14,31,28,31,59,3,7,10,33.5,17.65,11.76,35.29,29.41,5.88,0.0,0.0,0.0
9000004233,2026-09-01 07:00,0.69027776,10,13,23,81,127,208,43,80,123,7,7,14,29.0,12.94,29.41,47.06,8.24,0.0,2.35,0.0,0.0
9000004233,2026-09-01 08:00,0.6958333,13,9,22,34,65,99,23,32,55,0,3,3,30.5,26.32,7.89,50.0,10.53,0.0,5.26,0.0,0.0
9000004233,2026-09-01 09:00,0.65833336,9,0,9,29,23,52,23,15,38,0,2,2,31.0,40.0,12.0,32.0,12.0,4.0,0.0,0.0,0.0
9000004233,2026-09-01 10:00,0.6483333,0,3,3,32,35,67,28,26,54,8,9,17,32.0,31.43,8.57,37.14,20.0,0.0,0.0,0.0,2.86
9000004284,2026-09-01 02:00,0.0,0,0,0,0,0,0,0,0,0,0,0,0,,0.0,0.0,0.0,0.0,0.0,0.0,0.0,0.0
9000004284,2026-09-01 03:00,0.0,0,0,0,0,0,0,0,0,0,0,0,0,,0.0,0.0,0.0,0.0,0.0,0.0,0.0,0.0
9000004284,2026-09-01 04:00,0.0,0,0,0,0,0,0,0,0,0,0,0,0,,0.0,0.0,0.0,0.0,0.0,0.0,0.0,0.0
9000004284,2026-09-01 05:00,0.0,0,0,0,0,0,0,0,0,0,0,0,0,,0.0,0.0,0.0,0.0,0.0,0.0,0.0,0.0
9000004284,2026-09-01 06:00,0.046666667,0,0,0,0,0,0,0,0,0,0,0,0,,0.0,0.0,0.0,0.0,0.0,0.0,0.0,0.0
9000004284,2026-09-01 07:00,0.43666667,0,0,0,0,0,0,0,0,0,0,0,0,,0.0,0.0,0.0,0.0,0.0,0.0,0.0,0.0
9000004284,2026-09-01 08:00,0.5852778,0,0,0,2,0,2,0,0,0,0,0,0,,0.0,0.0,0.0,0.0,0.0,0.0,0.0,0.0
9000004284,2026-09-01 09:00,0.59444445,0,0,0,0,0,0,0,0,0,0,0,0,,0.0,0.0,0.0,0.0,0.0,0.0,0.0,0.0
9000004284,2026-09-01 10:00,0.67777777,0,0,0,0,0,0,0,0,0,0,0,0,,0.0,0.0,0.0,0.0,0.0,0.0,0.0,0.0
9000004544,2026-09-01 02:00,0.0,0,0,0,0,0,0,0,0,0,0,0,0,,0.0,0.0,0.0,0.0,0.0,0.0,0.0,0.0
9000004544,2026-09-01 03:00,0.0,0,0,0,0,0,0,0,0,0,0,0,0,,0.0,0.0,0.0,0.0,0.0,0.0,0.0,0.0
9000004544,2026-09-01 04:00,0.0,0,0,0,0,0,0,0,0,0,0,0,0,,0.0,0.0,0.0,0.0,0.0,0.0,0.0,0.0
9000004544,2026-09-01 05:00,0.0,0,0,0,0,0,0,0,0,0,0,0,0,,0.0,0.0,0.0,0.0,0.0,0.0,0.0,0.0
9000004544,2026-09-01 06:00,0.38194445,0,0,0,5,16,21,5,10,15,0,0,0,61.0,0.0,16.67,66.67,0.0,0.0,0.0,16.67,0.0
9000004544,2026-09-01 07:00,0.7613889,4,4,8,22,28,50,9,14,23,0,3,3,41.5,0.0,22.22,44.44,16.67,11.11,0.0,0.0,5.56
9000004544,2026-09-01 08:00,0.75916666,0,4,4,34,42,76,28,28,56,4,5,9,39.5,4.76,21.43,42.86,16.67,2.38,0.0,4.76,7.14
9000004544,2026-09-01 09:00,0.7658333,0,3,3,27,22,49,20,20,40,4,1,5,39.0,6.67,33.33,33.33,13.33,0.0,6.67,0.0,6.67
9000004544,2026-09-01 10:00,0.7519444,1,0,1,21,20,41,21,31,52,7,3,10,45.5,12.82,35.9,12.82,15.38,15.38,0.0,2.56,5.13
9000004546,2026-09-01 02:00,0.0,0,0,0,0,0,0,0,0,0,0,0,0,,0.0,0.0,0.0,0.0,0.0,0.0,0.0,0.0
9000004546,2026-09-01 03:00,0.0,0,0,0,0,0,0,0,0,0,0,0,0,,0.0,0.0,0.0,0.0,0.0,0.0,0.0,0.0
9000004546,2026-09-01 04:00,0.0,0,0,0,0,0,0,0,0,0,0,0,0,,0.0,0.0,0.0,0.0,0.0,0.0,0.0,0.0
9000004546,2026-09-01 05:00,0.0,0,0,0,0,0,0,0,0,0,0,0,0,,0.0,0.0,0.0,0.0,0.0,0.0,0.0,0.0
9000004546,2026-09-01 06:00,0.0325,0,0,0,0,0,0,0,0,0,0,0,0,,0.0,0.0,0.0,0.0,0.0,0.0,0.0,0.0
9000004546,2026-09-01 07:00,0.51916665,0,0,0,0,0,0,0,0,0,0,0,0,,0.0,0.0,0.0,0.0,0.0,0.0,0.0,0.0
9000004546,2026-09-01 08:00,0.5202778,0,0,0,0,0,0,0,0,0,0,0,0,,0.0,0.0,0.0,0.0,0.0,0.0,0.0,0.0
9000004546,2026-09-01 09:00,0.38222224,0,0,0,0,0,0,0,0,0,0,0,0,,0.0,0.0,0.0,0.0,0.0,0.0,0.0,0.0
9000004546,2026-09-01 10:00,0.6661111,0,0,0,0,0,0,0,0,0,0,0,0,,0.0,0.0,0.0,0.0,0.0,0.0,0.0,0.0
9000004561,2026-09-01 02:00,0.0,0,0,0,0,0,0,0,0,0,0,0,0,,0.0,0.0,0.0,0.0,0.0,0.0,0.0,0.0
9000004561,2026-09-01 03:00,0.0,0,0,0,0,0,0,0,0,0,0,0,0,,0.0,0.0,0.0,0.0,0.0,0.0,0.0,0.0
9000004561,2026-09-01 04:00,0.0,0,0,0,0,0,0,0,0,0,0,0,0,,0.0,0.0,0.0,0.0,0.0,0.0,0.0,0.0
9000004561,2026-09-01 05:00,0.0,0,0,0,0,0,0,0,0,0,0,0,0,,0.0,0.0,0.0,0.0,0.0,0.0,0.0,0.0
9000004561,2026-09-01 06:00,0.26555556,0,8,8,0,8,8,0,8,8,0,8,8,23.5,0.0,50.0,50.0,0.0,0.0,0.0,0.0,0.0
9000004561,2026-09-01 07:00,0.3336111,12,0,12,42,18,60,3,18,21,3,0,3,26.0,28.57,42.86,28.57,0.0,0.0,0.0,0.0,0.0
9000004561,2026-09-01 08:00,0.6458333,5,9,14,39,50,89,5,19,24,0,0,0,22.5,42.86,35.71,14.29,7.14,0.0,0.0,0.0,0.0
9000004561,2026-09-01 09:00,0.66083336,2,5,7,15,24,39,3,8,11,0,3,3,42.5,0.0,28.57,0.0,42.86,28.57,0.0,0.0,0.0
9000004561,2026-09-01 10:00,0.61083335,3,2,5,18,18,36,3,11,14,2,0,2,21.5,22.22,55.56,22.22,0.0,0.0,0.0,0.0,0.0
9000004597,2026-09-01 02:00,0.0,0,0,0,0,0,0,0,0,0,0,0,0,,0.0,0.0,0.0,0.0,0.0,0.0,0.0,0.0
9000004597,2026-09-01 03:00,0.0,0,0,0,0,0,0,0,0,0,0,0,0,,0.0,0.0,0.0,0.0,0.0,0.0,0.0,0.0
9000004597,2026-09-01 04:00,0.0,0,0,0,0,0,0,0,0,0,0,0,0,,0.0,0.0,0.0,0.0,0.0,0.0,0.0,0.0
9000004597,2026-09-01 05:00,0.0,0,0,0,0,0,0,0,0,0,0,0,0,,0.0,0.0,0.0,0.0,0.0,0.0,0.0,0.0
9000004597,2026-09-01 06:00,0.3513889,17,3,20,46,40,86,111,196,307,176,114,290,39.0,20.18,10.09,24.77,32.11,11.01,1.83,0.0,0.0
9000004597,2026-09-01 07:00,0.7480556,19,21,40,52,33,85,146,262,408,163,114,277,36.5,16.17,12.87,32.34,30.69,5.61,0.33,1.32,0.66
9000004597,2026-09-01 08:00,0.5802778,33,26,59,52,33,85,157,346,503,105,134,239,32.0,15.41,19.18,46.58,15.41,1.71,1.37,0.0,0.34
9000004597,2026-09-01 09:00,0.4513889,13,13,26,42,29,71,160,270,430,133,140,273,34.0,16.49,18.56,41.75,18.56,1.03,1.03,0.52,2.06
9000004597,2026-09-01 10:00,0.43388888,25,28,53,41,44,85,106,283,389,124,143,267,33.5,14.88,12.5,48.81,19.64,2.38,0.6,0.0,1.19
9000004602,2026-09-01 02:00,0.0,0,0,0,0,0,0,0,0,0,0,0,0,,0.0,0.0,0.0,0.0,0.0,0.0,0.0,0.0
9000004602,2026-09-01 03:00,0.0,0,0,0,0,0,0,0,0,0,0,0,0,,0.0,0.0,0.0,0.0,0.0,0.0,0.0,0.0
9000004602,2026-09-01 04:00,0.0,0,0,0,0,0,0,0,0,0,0,0,0,,0.0,0.0,0.0,0.0,0.0,0.0,0.0,0.0
9000004602,2026-09-01 05:00,0.0,0,0,0,0,0,0,0,0,0,0,0,0,,0.0,0.0,0.0,0.0,0.0,0.0,0.0,0.0
9000004602,2026-09-01 06:00,0.36333334,3,6,9,14,6,20,19,6,25,3,3,6,30.5,22.22,44.44,11.11,11.11,11.11,0.0,0.0,0.0
9000004602,2026-09-01 07:00,0.6805556,7,6,13,56,41,97,122,29,151,3,0,3,27.5,13.73,42.16,35.29,5.88,1.96,0.98,0.0,0.0
9000004602,2026-09-01 08:00,0.6536111,5,6,11,90,35,125,133,31,164,2,3,5,25.0,10.28,52.34,28.97,5.61,0.93,0.0,0.0,1.87
9000004602,2026-09-01 09:00,0.6344444,5,3,8,91,35,126,87,32,119,5,3,8,21.5,22.67,58.67,14.67,0.0,0.0,2.67,0.0,1.33
9000004602,2026-09-01 10:00,0.5872222,3,2,5,51,51,102,36,26,62,0,3,3,24.5,22.22,47.22,22.22,8.33,0.0,0.0,0.0,0.0
9000004676,2026-09-01 02:00,0.0,0,0,0,0,0,0,0,0,0,0,0,0,,0.0,0.0,0.0,0.0,0.0,0.0,0.0,0.0
9000004676,2026-09-01 03:00,0.0,0,0,0,0,0,0,0,0,0,0,0,0,,0.0,0.0,0.0,0.0,0.0,0.0,0.0,0.0
9000004676,2026-09-01 04:00,0.0,0,0,0,0,0,0,0,0,0,0,0,0,,0.0,0.0,0.0,0.0,0.0,0.0,0.0,0.0
9000004676,2026-09-01 05:00,0.0,0,0,0,0,0,0,0,0,0,0,0,0,,0.0,0.0,0.0,0.0,0.0,0.0,0.0,0.0
9000004676,2026-09-01 06:00,0.2175,5,0,5,32,0,32,0,23,23,0,32,32,33.0,60.0,0.0,0.0,40.0,0.0,0.0,0.0,0.0
9000004676,2026-09-01 07:00,0.78333336,17,0,17,66,4,70,6,9,15,0,8,8,50.5,8.33,0.0,16.67,41.67,16.67,8.33,0.0,8.33
9000004676,2026-09-01 08:00,0.7375,24,0,24,121,4,125,5,19,24,0,18,18,56.0,11.11,5.56,5.56,38.89,11.11,16.67,5.56,5.56
9000004676,2026-09-01 09:00,0.74722224,13,0,13,58,4,62,11,12,23,3,20,23,87.0,5.88,23.53,17.65,11.76,0.0,11.76,0.0,29.41
9000004676,2026-09-01 10:00,0.70944446,3,6,9,35,23,58,6,38,44,0,14,14,53.5,12.9,9.68,35.48,16.13,0.0,16.13,6.45,3.23
9000004694,2026-09-01 02:00,0.9994444,0,0,0,0,0,0,0,0,0,0,0,0,,0.0,0.0,0.0,0.0,0.0,0.0,0.0,0.0
9000004694,2026-09-01 03:00,0.9847222,0,0,0,0,0,0,0,0,0,0,0,0,,0.0,0.0,0.0,0.0,0.0,0.0,0.0,0.0
9000004694,2026-09-01 04:00,0.99972224,0,0,0,0,0,0,0,0,0,0,0,0,,0.0,0.0,0.0,0.0,0.0,0.0,0.0,0.0
9000004694,2026-09-01 05:00,0.99972224,0,0,0,0,0,0,0,0,0,0,0,0,,0.0,0.0,0.0,0.0,0.0,0.0,0.0,0.0
9000004694,2026-09-01 06:00,0.99916667,1,4,5,2,7,9,13,27,40,7,5,12,28.5,0.0,27.5,65.0,7.5,0.0,0.0,0.0,0.0
9000004694,2026-09-01 07:00,0.9994444,6,12,18,21,77,98,72,111,183,9,16,25,28.5,3.83,45.9,38.8,7.65,2.19,1.64,0.0,0.0
9000004694,2026-09-01 08:00,0.99916667,9,3,12,11,25,36,55,52,107,5,6,11,31.5,14.95,36.45,31.78,14.02,0.93,1.87,0.0,0.0
9000004694,2026-09-01 09:00,0.9994444,14,16,30,16,27,43,70,37,107,1,3,4,30.0,13.08,38.32,33.64,12.15,2.8,0.0,0.0,0.0
9000004694,2026-09-01 10:00,0.99916667,20,16,36,37,27,64,61,63,124,5,3,8,26.5,18.55,46.77,25.81,6.45,2.42,0.0,0.0,0.0
9000004706,2026-09-01 02:00,0.0,0,0,0,0,0,0,0,0,0,0,0,0,,0.0,0.0,0.0,0.0,0.0,0.0,0.0,0.0
9000004706,2026-09-01 03:00,0.0,0,0,0,0,0,0,0,0,0,0,0,0,,0.0,0.0,0.0,0.0,0.0,0.0,0.0,0.0
9000004706,2026-09-01 04:00,0.0,0,0,0,0,0,0,0,0,0,0,0,0,,0.0,0.0,0.0,0.0,0.0,0.0,0.0,0.0
9000004706,2026-09-01 05:00,0.0,0,0,0,0,0,0,0,0,0,0,0,0,,0.0,0.0,0.0,0.0,0.0,0.0,0.0,0.0
9000004706,2026-09-01 06:00,0.26222223,31,11,42,19,69,88,8,38,46,0,11,11,32.0,7.69,30.77,38.46,15.38,7.69,0.0,0.0,0.0
9000004706,2026-09-01 07:00,0.49638888,0,6,6,2,24,26,12,14,26,2,2,4,99.0,0.0,6.67,0.0,20.0,6.67,13.33,6.67,46.67
9000004706,2026-09-01 08:00,0.68472224,20,55,75,35,88,123,9,74,83,4,6,10,44.5,17.24,20.69,31.03,13.79,1.72,1.72,1.72,12.07
9000004706,2026-09-01 09:00,0.7352778,23,60,83,24,54,78,26,71,97,1,19,20,39.0,16.9,26.76,32.39,9.86,1.41,0.0,4.23,8.45
9000004706,2026-09-01 10:00,0.74194443,39,47,86,44,65,109,13,55,68,5,15,20,77.0,5.88,25.49,27.45,9.8,0.0,9.8,3.92,17.65
9000004712,2026-09-01 02:00,0.9994444,0,0,0,0,0,0,0,0,0,0,0,0,,0.0,0.0,0.0,0.0,0.0,0.0,0.0,0.0
9000004712,2026-09-01 03:00,0.9994444,0,0,0,0,0,0,0,0,0,0,0,0,,0.0,0.0,0.0,0.0,0.0,0.0,0.0,0.0
9000004712,2026-09-01 04:00,0.99916667,0,0,0,0,0,0,0,0,0,0,0,0,,0.0,0.0,0.0,0.0,0.0,0.0,0.0,0.0
9000004712,2026-09-01 05:00,0.99916667,0,0,0,0,0,0,0,0,0,0,0,0,,0.0,0.0,0.0,0.0,0.0,0.0,0.0,0.0
9000004712,2026-09-01 06:00,0.99916667,4,4,8,2,1,3,56,53,109,13,11,24,38.5,38.53,4.59,20.18,23.85,9.17,2.75,0.0,0.92
9000004712,2026-09-01 07:00,0.9994444,14,18,32,45,8,53,127,95,222,19,18,37,35.5,32.43,9.01,28.83,22.07,5.41,0.9,1.35,0.0
9000004712,2026-09-01 08:00,0.99916667,17,20,37,78,43,121,179,133,312,15,18,33,39.0,9.62,8.33,31.73,37.82,9.94,2.56,0.0,0.0
9000004712,2026-09-01 09:00,0.9994444,11,18,29,54,32,86,197,136,333,25,23,48,41.0,15.32,7.21,26.73,33.93,13.51,2.7,0.6,0.0
9000004712,2026-09-01 10:00,0.99916667,20,18,38,26,25,51,121,156,277,13,40,53,39.5,20.94,2.53,29.96,32.49,9.03,3.61,0.72,0.72
9000005862,2026-09-01 02:00,0.0,0,0,0,0,0,0,0,0,0,0,0,0,,0.0,0.0,0.0,0.0,0.0,0.0,0.0,0.0
9000005862,2026-09-01 03:00,0.0,0,0,0,0,0,0,0,0,0,0,0,0,,0.0,0.0,0.0,0.0,0.0,0.0,0.0,0.0
9000005862,2026-09-01 04:00,0.0,0,0,0,0,0,0,0,0,0,0,0,0,,0.0,0.0,0.0,0.0,0.0,0.0,0.0,0.0
9000005862,2026-09-01 05:00,0.0,0,0,0,0,0,0,0,0,0,0,0,0,,0.0,0.0,0.0,0.0,0.0,0.0,0.0,0.0
9000005862,2026-09-01 06:00,0.33416668,6,3,9,0,0,0,0,6,6,0,3,3,23.0,0.0,66.67,33.33,0.0,0.0,0.0,0.0,0.0
9000005862,2026-09-01 07:00,0.7075,1,3,4,3,6,9,0,3,3,0,3,3,23.5,0.0,50.0,50.0,0.0,0.0,0.0,0.0,0.0
9000005862,2026-09-01 08:00,0.76166666,14,5,19,7,16,23,1,3,4,0,1,1,9.0,100.0,0.0,0.0,0.0,0.0,0.0,0.0,0.0
9000005862,2026-09-01 09:00,0.7697222,8,6,14,8,3,11,1,8,9,0,3,3,29.5,28.57,28.57,28.57,14.29,0.0,0.0,0.0,0.0
9000005862,2026-09-01 10:00,0.73083335,1,3,4,1,5,6,1,7,8,0,0,0,16.0,66.67,33.33,0.0,0.0,0.0,0.0,0.0,0.0
9000005900,2026-09-01 02:00,0.9994444,0,0,0,0,0,0,0,0,0,0,0,0,,0.0,0.0,0.0,0.0,0.0,0.0,0.0,0.0
9000005900,2026-09-01 03:00,0.99916667,0,0,0,0,0,0,0,0,0,0,0,0,,0.0,0.0,0.0,0.0,0.0,0.0,0.0,0.0
9000005900,2026-09-01 04:00,0.9994444,0,0,0,0,0,0,0,0,0,0,0,0,,0.0,0.0,0.0,0.0,0.0,0.0,0.0,0.0
9000005900,2026-09-01 05:00,0.9994444,0,0,0,0,0,0,0,0,0,0,0,0,,0.0,0.0,0.0,0.0,0.0,0.0,0.0,0.0
9000005900,2026-09-01 06:00,0.9994444,1,1,2,4,19,23,39,268,307,1,3,4,48.0,0.0,1.95,6.84,39.41,40.39,8.79,1.95,0.65
9000005900,2026-09-01 07:00,0.9994444,5,2,7,13,13,26,133,365,498,17,6,23,46.5,0.6,0.8,11.24,43.78,37.15,5.42,0.8,0.2
9000005900,2026-09-01 08:00,0.99972224,2,2,4,5,10,15,128,246,374,12,13,25,47.0,1.6,3.48,18.98,38.77,29.68,6.15,0.8,0.53
9000005900,2026-09-01 09:00,0.99916667,0,1,1,5,10,15,119,197,316,14,18,32,44.5,0.32,3.16,16.77,44.3,27.53,5.38,1.58,0.95
9000005900,2026-09-01 10:00,0.99972224,0,0,0,7,8,15,157,200,357,15,12,27,44.5,1.12,5.6,21.85,43.98,21.01,5.88,0.56,0.0
9000005909,2026-09-01 02:00,0.99916667,0,0,0,0,0,0,0,0,0,0,0,0,,0.0,0.0,0.0,0.0,0.0,0.0,0.0,0.0
9000005909,2026-09-01 03:00,0.9994444,0,0,0,0,0,0,0,0,0,0,0,0,,0.0,0.0,0.0,0.0,0.0,0.0,0.0,0.0
9000005909,2026-09-01 04:00,0.99916667,0,0,0,0,0,0,0,0,0,0,0,0,,0.0,0.0,0.0,0.0,0.0,0.0,0.0,0.0
9000005909,2026-09-01 05:00,0.9994444,0,0,0,0,0,0,0,0,0,0,0,0,,0.0,0.0,0.0,0.0,0.0,0.0,0.0,0.0
9000005909,2026-09-01 06:00,0.99916667,1,6,7,1,12,13,5,29,34,0,1,1,30.0,50.0,8.82,26.47,11.76,2.94,0.0,0.0,0.0
9000005909,2026-09-01 07:00,0.9994444,12,18,30,10,51,61,17,62,79,0,2,2,28.5,55.7,18.99,12.66,8.86,3.8,0.0,0.0,0.0
9000005909,2026-09-01 08:00,0.99972224,4,5,9,4,3,7,20,28,48,0,1,1,38.5,50.0,6.25,8.33,25.0,10.42,0.0,0.0,0.0
9000005909,2026-09-01 09:00,0.99972224,1,3,4,5,1,6,16,29,45,2,0,2,35.5,68.89,2.22,4.44,17.78,6.67,0.0,0.0,0.0
9000005909,2026-09-01 10:00,0.99972224,5,1,6,1,2,3,14,16,30,0,0,0,29.5,46.67,3.33,36.67,10.0,3.33,0.0,0.0,0.0
9000006027,2026-09-01 02:00,0.0,0,0,0,0,0,0,0,0,0,0,0,0,,0.0,0.0,0.0,0.0,0.0,0.0,0.0,0.0
9000006027,2026-09-01 03:00,0.0,0,0,0,0,0,0,0,0,0,0,0,0,,0.0,0.0,0.0,0.0,0.0,0.0,0.0,0.0
9000006027,2026-09-01 04:00,0.0,0,0,0,0,0,0,0,0,0,0,0,0,,0.0,0.0,0.0,0.0,0.0,0.0,0.0,0.0
9000006027,2026-09-01 05:00,0.0,0,0,0,0,0,0,0,0,0,0,0,0,,0.0,0.0,0.0,0.0,0.0,0.0,0.0,0.0
9000006027,2026-09-01 06:00,0.15416667,0,0,0,0,19,19,13,0,13,0,0,0,52.5,0.0,33.33,0.0,33.33,0.0,33.33,0.0,0.0
9000006027,2026-09-01 07:00,0.6397222,0,6,6,39,83,122,14,14,28,5,2,7,29.0,22.22,16.67,50.0,5.56,0.0,0.0,5.56,0.0
9000006027,2026-09-01 08:00,0.6863889,6,3,9,90,118,208,32,16,48,6,7,13,24.5,3.03,48.48,39.39,9.09,0.0,0.0,0.0,0.0
9000006027,2026-09-01 09:00,0.69,4,0,4,58,87,145,30,22,52,3,7,10,32.5,19.44,33.33,27.78,13.89,2.78,2.78,0.0,0.0
9000006027,2026-09-01 10:00,0.67083335,9,1,10,45,48,93,22,19,41,4,9,13,32.0,28.57,21.43,32.14,7.14,3.57,3.57,0.0,3.57
9000006300,2026-09-01 02:00,0.9875,0,0,0,0,0,0,0,0,0,0,0,0,,0.0,0.0,0.0,0.0,0.0,0.0,0.0,0.0
9000006300,2026-09-01 03:00,0.9802778,0,0,0,0,0,0,0,0,0,0,0,0,,0.0,0.0,0.0,0.0,0.0,0.0,0.0,0.0
9000006300,2026-09-01 04:00,0.98,0,0,0,0,0,0,0,0,0,0,0,0,,0.0,0.0,0.0,0.0,0.0,0.0,0.0,0.0
9000006300,2026-09-01 05:00,0.97194445,0,0,0,0,0,0,0,0,0,0,0,0,,0.0,0.0,0.0,0.0,0.0,0.0,0.0,0.0
9000006300,2026-09-01 06:00,0.9994444,102,11,113,12,3,15,15,9,24,20,10,30,30.5,8.33,20.83,54.17,16.67,0.0,0.0,0.0,0.0
9000006300,2026-09-01 07:00,0.99333334,255,65,320,44,18,62,30,10,40,21,29,50,37.5,5.0,30.0,35.0,20.0,10.0,0.0,0.0,0.0
9000006300,2026-09-01 08:00,0.9980556,151,54,205,18,6,24,30,28,58,16,16,32,32.5,13.79,39.66,25.86,18.97,1.72,0.0,0.0,0.0
9000006300,2026-09-01 09:00,0.9866667,117,67,184,16,13,29,23,33,56,13,22,35,31.0,25.0,28.57,28.57,17.86,0.0,0.0,0.0,0.0
9000006300,2026-09-01 10:00,0.9994444,191,91,282,17,26,43,31,32,63,22,21,43,29.5,11.11,47.62,26.98,14.29,0.0,0.0,0.0,0.0
9000006412,2026-09-01 02:00,0.0,0,0,0,0,0,0,0,0,0,0,0,0,,0.0,0.0,0.0,0.0,0.0,0.0,0.0,0.0
9000006412,2026-09-01 03:00,0.0,0,0,0,0,0,0,0,0,0,0,0,0,,0.0,0.0,0.0,0.0,0.0,0.0,0.0,0.0
9000006412,2026-09-01 04:00,0.0,0,0,0,0,0,0,0,0,0,0,0,0,,0.0,0.0,0.0,0.0,0.0,0.0,0.0,0.0
9000006412,2026-09-01 05:00,0.0,0,0,0,0,0,0,0,0,0,0,0,0,,0.0,0.0,0.0,0.0,0.0,0.0,0.0,0.0
9000006412,2026-09-01 06:00,0.285,4,0,4,28,7,35,60,0,60,4,0,4,31.0,11.11,22.22,50.0,16.67,0.0,0.0,0.0,0.0
9000006412,2026-09-01 07:00,0.58805555,15,3,18,41,3,44,99,9,108,24,3,27,26.0,17.74,33.87,41.94,4.84,1.61,0.0,0.0,0.0
9000006412,2026-09-01 08:00,0.73083335,8,3,11,26,8,34,66,19,85,0,4,4,27.5,19.35,35.48,38.71,4.84,0.0,1.61,0.0,0.0
9000006412,2026-09-01 09:00,0.7102778,0,6,6,13,8,21,41,20,61,0,1,1,31.0,23.26,30.23,30.23,11.63,0.0,2.33,0.0,2.33
9000006412,2026-09-01 10:00,0.6944444,3,0,3,10,10,20,32,16,48,1,1,2,23.5,24.24,45.45,27.27,3.03,0.0,0.0,0.0,0.0
9000006445,2026-09-01 02:00,0.0,0,0,0,0,0,0,0,0,0,0,0,0,,0.0,0.0,0.0,0.0,0.0,0.0,0.0,0.0
9000006445,2026-09-01 03:00,0.0,0,0,0,0,0,0,0,0,0,0,0,0,,0.0,0.0,0.0,0.0,0.0,0.0,0.0,0.0
9000006445,2026-09-01 04:00,0.0,0,0,0,0,0,0,0,0,0,0,0,0,,0.0,0.0,0.0,0.0,0.0,0.0,0.0,0.0
9000006445,2026-09-01 05:00,0.0,0,0,0,0,0,0,0,0,0,0,0,0,,0.0,0.0,0.0,0.0,0.0,0.0,0.0,0.0
9000006445,2026-09-01 06:00,0.2188889,5,9,14,9,14,23,23,32,55,18,18,36,53.0,0.0,15.38,53.85,7.69,7.69,7.69,7.69,0.0
9000006445,2026-09-01 07:00,0.77444446,12,4,16,18,23,41,45,107,152,10,30,40,30.0,2.54,37.29,45.76,11.02,2.54,0.0,0.85,0.0
9000006445,2026-09-01 08:00,0.7494444,25,7,32,96,45,141,79,157,236,19,24,43,30.5,11.3,36.16,36.72,9.04,2.26,1.13,1.69,1.69
9000006445,2026-09-01 09:00,0.74777776,16,12,28,60,44,104,53,108,161,8,28,36,29.5,4.92,40.98,40.98,6.56,0.82,1.64,4.1,0.0
9000006445,2026-09-01 10:00,0.7275,15,5,20,34,29,63,38,67,105,26,22,48,35.5,7.79,25.97,44.16,9.09,3.9,1.3,2.6,5.19
9000006539,2026-09-01 02:00,0.9994444,0,0,0,0,0,0,0,0,0,0,0,0,,0.0,0.0,0.0,0.0,0.0,0.0,0.0,0.0
9000006539,2026-09-01 03:00,0.9994444,0,0,0,0,0,0,0,0,0,0,0,0,,0.0,0.0,0.0,0.0,0.0,0.0,0.0,0.0
9000006539,2026-09-01 04:00,0.99916667,0,0,0,0,0,0,0,0,0,0,0,0,,0.0,0.0,0.0,0.0,0.0,0.0,0.0,0.0
9000006539,2026-09-01 05:00,0.9994444,0,0,0,0,0,0,0,0,0,0,0,0,,0.0,0.0,0.0,0.0,0.0,0.0,0.0,0.0
9000006539,2026-09-01 06:00,0.99916667,0,0,0,0,0,0,0,0,0,0,0,0,,0.0,0.0,0.0,0.0,0.0,0.0,0.0,0.0
9000006539,2026-09-01 07:00,1.0,0,0,0,0,0,0,0,0,0,0,0,0,,0.0,0.0,0.0,0.0,0.0,0.0,0.0,0.0
9000006539,2026-09-01 08:00,0.9994444,0,0,0,0,0,0,0,0,0,0,0,0,,0.0,0.0,0.0,0.0,0.0,0.0,0.0,0.0
9000006539,2026-09-01 09:00,0.99916667,0,0,0,0,0,0,0,0,0,0,0,0,,0.0,0.0,0.0,0.0,0.0,0.0,0.0,0.0
9000006539,2026-09-01 10:00,0.9994444,0,0,0,0,0,0,0,0,0,0,0,0,,0.0,0.0,0.0,0.0,0.0,0.0,0.0,0.0
9000006667,2026-09-01 02:00,0.99972224,0,0,0,0,0,0,0,0,0,0,0,0,,0.0,0.0,0.0,0.0,0.0,0.0,0.0,0.0
9000006667,2026-09-01 03:00,0.9994444,0,0,0,0,0,0,0,0,0,0,0,0,,0.0,0.0,0.0,0.0,0.0,0.0,0.0,0.0
9000006667,2026-09-01 04:00,0.9994444,0,0,0,0,0,0,0,0,0,0,0,0,,0.0,0.0,0.0,0.0,0.0,0.0,0.0,0.0
9000006667,2026-09-01 05:00,0.9994444,0,0,0,0,0,0,0,0,0,0,0,0,,0.0,0.0,0.0,0.0,0.0,0.0,0.0,0.0
9000006667,2026-09-01 06:00,0.99916667,0,1,1,0,0,0,15,15,30,1,0,1,23.0,70.0,6.67,16.67,6.67,0.0,0.0,0.0,0.0
9000006667,2026-09-01 07:00,0.99972224,3,2,5,0,2,2,8,16,24,2,5,7,39.5,8.33,25.0,16.67,37.5,8.33,0.0,0.0,4.17
9000006667,2026-09-01 08:00,0.99972224,0,7,7,57,16,73,48,27,75,2,14,16,45.5,8.0,4.0,26.67,30.67,21.33,8.0,1.33,0.0
9000006667,2026-09-01 09:00,0.9994444,8,9,17,70,38,108,51,23,74,1,0,1,44.0,13.51,6.76,18.92,40.54,14.86,4.05,1.35,0.0
9000006667,2026-09-01 10:00,0.99972224,12,7,19,23,14,37,39,21,60,1,1,2,44.0,6.67,5.0,36.67,21.67,23.33,6.67,0.0,0.0
9000006720,2026-09-01 02:00,0.0,0,0,0,0,0,0,0,0,0,0,0,0,,0.0,0.0,0.0,0.0,0.0,0.0,0.0,0.0
9000006720,2026-09-01 03:00,0.0,0,0,0,0,0,0,0,0,0,0,0,0,,0.0,0.0,0.0,0.0,0.0,0.0,0.0,0.0
9000006720,2026-09-01 04:00,0.0,0,0,0,0,0,0,0,0,0,0,0,0,,0.0,0.0,0.0,0.0,0.0,0.0,0.0,0.0
9000006720,2026-09-01 05:00,0.0,0,0,0,0,0,0,0,0,0,0,0,0,,0.0,0.0,0.0,0.0,0.0,0.0,0.0,0.0
9000006720,2026-09-01 06:00,0.33527777,0,0,0,12,12,24,307,233,540,194,254,448,37.0,4.92,7.1,44.81,32.24,9.29,1.64,0.0,0.0
9000006720,2026-09-01 07:00,0.69083333,3,0,3,74,13,87,340,290,630,168,259,427,36.5,9.2,12.18,39.77,29.89,5.98,1.38,1.15,0.46
9000006720,2026-09-01 08:00,0.67722225,6,1,7,63,10,73,458,226,684,188,235,423,34.5,7.58,8.01,51.95,25.11,5.19,0.65,0.65,0.87
9000006720,2026-09-01 09:00,0.71,1,0,1,68,7,75,420,182,602,194,165,359,34.5,3.75,6.32,56.67,27.4,3.51,2.11,0.23,0.0
9000006720,2026-09-01 10:00,0.7213889,4,0,4,53,12,65,405,383,788,159,186,345,37.5,1.41,7.73,48.68,32.86,5.98,1.76,0.7,0.88
9000008669,2026-09-01 02:00,0.0,0,0,0,0,0,0,0,0,0,0,0,0,,0.0,0.0,0.0,0.0,0.0,0.0,0.0,0.0
9000008669,2026-09-01 03:00,0.0,0,0,0,0,0,0,0,0,0,0,0,0,,0.0,0.0,0.0,0.0,0.0,0.0,0.0,0.0
9000008669,2026-09-01 04:00,0.0,0,0,0,0,0,0,0,0,0,0,0,0,,0.0,0.0,0.0,0.0,0.0,0.0,0.0,0.0
9000008669,2026-09-01 05:00,0.0,0,0,0,0,0,0,0,0,0,0,0,0,,0.0,0.0,0.0,0.0,0.0,0.0,0.0,0.0
9000008669,2026-09-01 06:00,0.0,0,0,0,0,0,0,0,0,0,0,0,0,,0.0,0.0,0.0,0.0,0.0,0.0,0.0,0.0
9000008669,2026-09-01 07:00,0.0,0,0,0,0,0,0,0,0,0,0,0,0,,0.0,0.0,0.0,0.0,0.0,0.0,0.0,0.0
9000008669,2026-09-01 08:00,0.0,0,0,0,0,0,0,0,0,0,0,0,0,,0.0,0.0,0.0,0.0,0.0,0.0,0.0,0.0
9000008669,2026-09-01 09:00,0.0,0,0,0,0,0,0,0,0,0,0,0,0,,0.0,0.0,0.0,0.0,0.0,0.0,0.0,0.0
9000008669,2026-09-01 10:00,0.0,0,0,0,0,0,0,0,0,0,0,0,0,,0.0,0.0,0.0,0.0,0.0,0.0,0.0,0.0
9000008837,2026-09-01 02:00,0.0,0,0,0,0,0,0,0,0,0,0,0,0,,0.0,0.0,0.0,0.0,0.0,0.0,0.0,0.0
9000008837,2026-09-01 03:00,0.0,0,0,0,0,0,0,0,0,0,0,0,0,,0.0,0.0,0.0,0.0,0.0,0.0,0.0,0.0
9000008837,2026-09-01 04:00,0.0,0,0,0,0,0,0,0,0,0,0,0,0,,0.0,0.0,0.0,0.0,0.0,0.0,0.0,0.0
9000008837,2026-09-01 05:00,0.0,0,0,0,0,0,0,0,0,0,0,0,0,,0.0,0.0,0.0,0.0,0.0,0.0,0.0,0.0
9000008837,2026-09-01 06:00,0.0,0,0,0,0,0,0,0,0,0,0,0,0,,0.0,0.0,0.0,0.0,0.0,0.0,0.0,0.0
9000008837,2026-09-01 07:00,0.35166666,11,23,34,20,68,88,28,14,42,28,3,31,24.0,25.0,25.0,37.5,0.0,6.25,0.0,0.0,6.25
9000008837,2026-09-01 08:00,0.68666667,0,36,36,45,92,137,50,38,88,13,19,32,32.5,18.33,23.33,35.0,20.0,0.0,1.67,1.67,0.0
9000008837,2026-09-01 09:00,0.66,2,30,32,44,132,176,35,52,87,23,20,43,33.5,17.54,26.32,31.58,19.3,5.26,0.0,0.0,0.0
9000008837,2026-09-01 10:00,0.63555557,2,16,18,35,52,87,35,28,63,11,16,27,38.5,15.0,15.0,35.0,22.5,7.5,5.0,0.0,0.0
9000008947,2026-09-01 02:00,0.0,0,0,0,0,0,0,0,0,0,0,0,0,,0.0,0.0,0.0,0.0,0.0,0.0,0.0,0.0
9000008947,2026-09-01 03:00,0.0,0,0,0,0,0,0,0,0,0,0,0,0,,0.0,0.0,0.0,0.0,0.0,0.0,0.0,0.0
9000008947,2026-09-01 04:00,0.0,0,0,0,0,0,0,0,0,0,0,0,0,,0.0,0.0,0.0,0.0,0.0,0.0,0.0,0.0
9000008947,2026-09-01 05:00,0.0,0,0,0,0,0,0,0,0,0,0,0,0,,0.0,0.0,0.0,0.0,0.0,0.0,0.0,0.0
9000008947,2026-09-01 06:00,0.0,0,0,0,0,0,0,0,0,0,0,0,0,,0.0,0.0,0.0,0.0,0.0,0.0,0.0,0.0
9000008947,2026-09-01 07:00,0.5725,17,31,48,16,47,63,44,45,89,5,7,12,35.0,10.0,36.0,32.0,14.0,2.0,2.0,0.0,4.0
9000008947,2026-09-01 08:00,0.4077778,15,27,42,42,32,74,69,64,133,7,5,12,29.0,3.57,39.29,42.86,10.71,1.79,0.0,0.0,1.79
9000008947,2026-09-01 09:00,0.6286111,10,8,18,14,16,30,41,35,76,8,8,16,34.0,10.64,27.66,44.68,6.38,4.26,0.0,0.0,6.38
9000008947,2026-09-01 10:00,0.7261111,4,4,8,12,22,34,41,29,70,11,6,17,29.0,13.46,34.62,40.38,3.85,3.85,1.92,0.0,1.92
9000009042,2026-09-01 02:00,0.0,0,0,0,0,0,0,0,0,0,0,0,0,,0.0,0.0,0.0,0.0,0.0,0.0,0.0,0.0
9000009042,2026-09-01 03:00,0.0,0,0,0,0,0,0,0,0,0,0,0,0,,0.0,0.0,0.0,0.0,0.0,0.0,0.0,0.0
9000009042,2026-09-01 04:00,0.0,0,0,0,0,0,0,0,0,0,0,0,0,,0.0,0.0,0.0,0.0,0.0,0.0,0.0,0.0
9000009042,2026-09-01 05:00,0.0,0,0,0,0,0,0,0,0,0,0,0,0,,0.0,0.0,0.0,0.0,0.0,0.0,0.0,0.0
9000009042,2026-09-01 06:00,0.115277775,9,0,9,26,17,43,104,191,295,61,78,139,34.5,2.94,5.88,55.88,26.47,0.0,5.88,0.0,2.94
9000009042,2026-09-01 07:00,0.7688889,21,29,50,57,73,130,183,238,421,44,65,109,34.5,1.85,25.0,47.84,15.43,3.4,2.47,1.54,2.47
9000009042,2026-09-01 08:00,0.7733333,34,26,60,131,88,219,234,265,499,40,76,116,44.0,5.7,24.61,42.75,10.1,4.66,3.63,2.59,5.96
9000009042,2026-09-01 09:00,0.76611114,68,42,110,117,81,198,226,275,501,64,51,115,36.0,4.17,26.82,42.97,13.8,4.17,2.34,1.56,4.17
9000009042,2026-09-01 10:00,0.76555556,30,18,48,74,77,151,206,268,474,40,47,87,31.5,15.7,35.81,31.13,9.37,3.03,1.38,1.38,2.2
9000009135,2026-09-01 02:00,0.99916667,0,0,0,0,0,0,0,0,0,0,0,0,,0.0,0.0,0.0,0.0,0.0,0.0,0.0,0.0
9000009135,2026-09-01 03:00,0.9847222,0,0,0,0,0,0,0,0,0,0,0,0,,0.0,0.0,0.0,0.0,0.0,0.0,0.0,0.0
9000009135,2026-09-01 04:00,0.99916667,0,0,0,0,0,0,0,0,0,0,0,0,,0.0,0.0,0.0,0.0,0.0,0.0,0.0,0.0
9000009135,2026-09-01 05:00,0.97833335,0,0,0,0,0,0,0,0,0,0,0,0,,0.0,0.0,0.0,0.0,0.0,0.0,0.0,0.0
9000009135,2026-09-01 06:00,0.9994444,1,1,2,7,3,10,33,29,62,15,1,16,38.0,20.97,9.68,29.03,32.26,8.06,0.0,0.0,0.0
9000009135,2026-09-01 07:00,0.9994444,26,13,39,61,22,83,88,84,172,15,1,16,36.0,4.07,22.09,44.19,21.51,6.4,1.74,0.0,0.0
9000009135,2026-09-01 08:00,0.9994444,47,29,76,122,23,145,82,111,193,7,5,12,36.5,5.18,13.47,41.45,32.64,4.15,1.04,2.07,0.0
9000009135,2026-09-01 09:00,0.99916667,35,23,58,110,21,131,124,104,228,7,5,12,34.5,10.53,24.56,33.77,23.25,5.7,1.75,0.44,0.0
9000009135,2026-09-01 10:00,0.9994444,32,18,50,55,16,71,134,100,234,9,1,10,35.0,7.69,21.79,40.6,22.22,5.56,2.14,0.0,0.0
